{"eval_exact_match": 3.1788079470198674, "eval_f1": 10.353995939298159}