{"eval_exact_match": 3.3869441816461685, "eval_f1": 25.53118027876077}