{"eval_exact_match": 79.27152317880795, "eval_f1": 86.62370917245349}