{"eval_exact_match": 77.8713339640492, "eval_f1": 85.72864249126812}