{"eval_exact_match": 78.92147587511826, "eval_f1": 86.21448081085694}