{"eval_exact_match": 3.992431409649953, "eval_f1": 15.263495865623312}