{"eval_exact_match": 14.3519394512772, "eval_f1": 17.820993216814063}