{"eval_exact_match": 55.95505617977528, "eval_f1": 62.32692895986472}