{"eval_exact_match": 68.62015503875969, "eval_f1": 74.5839623712178}