{"eval_exact_match": 3.1693472090823085, "eval_f1": 10.709852442540953}