{"eval_exact_match": 15.941343424787133, "eval_f1": 42.77162775002924}