{"eval_exact_match": 94.10112359550561, "eval_f1": 96.70431204449326}