{"eval_exact_match": 54.82170542635659, "eval_f1": 61.55930606656946}