{"eval_exact_match": 79.81078524124882, "eval_f1": 87.24587419618872}