{"eval_exact_match": 75.87596899224806, "eval_f1": 79.59239410474744}