{"eval_exact_match": 3.869441816461684, "eval_f1": 11.144771026486284}