{"eval_exact_match": 86.93820224719101, "eval_f1": 91.39385093650554}