{"eval_exact_match": 18.344370860927153, "eval_f1": 44.389914659451385}